PRAGMA foreign_keys=OFF;
BEGIN TRANSACTION;
CREATE TABLE core_challenge (id INTEGER PRIMARY KEY AUTOINCREMENT, challenge_id TEXT, name TEXT, type TEXT, difficulty TEXT);
INSERT INTO core_challenge VALUES(1,'CH-PHIS-E-0001','Phishing Basics','PHIS','E');
CREATE TABLE core_question (id INTEGER PRIMARY KEY AUTOINCREMENT, challenge_id INTEGER, text TEXT, choices TEXT, correct_answer TEXT);
INSERT INTO core_question VALUES(1,1,'What should you do with a suspicious email?',unistr('Click\u000aReport\u000aIgnore\u000aOpen'),'Report');
INSERT INTO core_question VALUES(2,1,'What identifies a phishing URL?',unistr('Short link\u000aMisspelled domain\u000aHTTPS\u000aNo links'),'Misspelled domain');
CREATE TABLE core_submission (id INTEGER PRIMARY KEY AUTOINCREMENT, user TEXT, challenge_id INTEGER, score INTEGER, submitted_at TEXT);
INSERT INTO core_submission VALUES(1,'XShadowOfPainX',1,20,'2025-06-12 20:10:26.106260');
INSERT INTO core_submission VALUES(2,'XShadowOfPainX',1,0,'2025-06-12 20:12:51.973661');
INSERT INTO core_submission VALUES(3,'XShadowOfPainX',1,0,'2025-06-12 20:54:35.501677');
INSERT INTO core_submission VALUES(4,'XShadowOfPainX',1,0,'2025-06-12 20:56:08.737901');
INSERT INTO core_submission VALUES(5,'XShadowOfPainX',1,0,'2025-06-12 20:56:48.734590');
INSERT INTO core_submission VALUES(6,'XShadowOfPainX',1,20,'2025-06-12 20:57:01.763185');
CREATE TABLE IF NOT EXISTS "django_migrations" ("id" integer NOT NULL PRIMARY KEY AUTOINCREMENT, "app" varchar(255) NOT NULL, "name" varchar(255) NOT NULL, "applied" datetime NOT NULL);
INSERT INTO django_migrations VALUES(1,'contenttypes','0001_initial','2025-06-12 16:53:04.360901');
INSERT INTO django_migrations VALUES(2,'auth','0001_initial','2025-06-12 16:53:04.368572');
INSERT INTO django_migrations VALUES(3,'admin','0001_initial','2025-06-12 16:53:04.373832');
INSERT INTO django_migrations VALUES(4,'admin','0002_logentry_remove_auto_add','2025-06-12 16:53:04.379391');
INSERT INTO django_migrations VALUES(5,'admin','0003_logentry_add_action_flag_choices','2025-06-12 16:53:04.383217');
INSERT INTO django_migrations VALUES(6,'contenttypes','0002_remove_content_type_name','2025-06-12 16:53:04.391609');
INSERT INTO django_migrations VALUES(7,'auth','0002_alter_permission_name_max_length','2025-06-12 16:53:04.396565');
INSERT INTO django_migrations VALUES(8,'auth','0003_alter_user_email_max_length','2025-06-12 16:53:04.401458');
INSERT INTO django_migrations VALUES(9,'auth','0004_alter_user_username_opts','2025-06-12 16:53:04.405207');
INSERT INTO django_migrations VALUES(10,'auth','0005_alter_user_last_login_null','2025-06-12 16:53:04.410947');
INSERT INTO django_migrations VALUES(11,'auth','0006_require_contenttypes_0002','2025-06-12 16:53:04.412424');
INSERT INTO django_migrations VALUES(12,'auth','0007_alter_validators_add_error_messages','2025-06-12 16:53:04.416347');
INSERT INTO django_migrations VALUES(13,'auth','0008_alter_user_username_max_length','2025-06-12 16:53:04.421373');
INSERT INTO django_migrations VALUES(14,'auth','0009_alter_user_last_name_max_length','2025-06-12 16:53:04.426785');
INSERT INTO django_migrations VALUES(15,'auth','0010_alter_group_name_max_length','2025-06-12 16:53:04.432035');
INSERT INTO django_migrations VALUES(16,'auth','0011_update_proxy_permissions','2025-06-12 16:53:04.436568');
INSERT INTO django_migrations VALUES(17,'auth','0012_alter_user_first_name_max_length','2025-06-12 16:53:04.441568');
INSERT INTO django_migrations VALUES(18,'sessions','0001_initial','2025-06-12 16:53:04.445122');
CREATE TABLE IF NOT EXISTS "auth_group_permissions" ("id" integer NOT NULL PRIMARY KEY AUTOINCREMENT, "group_id" integer NOT NULL REFERENCES "auth_group" ("id") DEFERRABLE INITIALLY DEFERRED, "permission_id" integer NOT NULL REFERENCES "auth_permission" ("id") DEFERRABLE INITIALLY DEFERRED);
CREATE TABLE IF NOT EXISTS "auth_user_groups" ("id" integer NOT NULL PRIMARY KEY AUTOINCREMENT, "user_id" integer NOT NULL REFERENCES "auth_user" ("id") DEFERRABLE INITIALLY DEFERRED, "group_id" integer NOT NULL REFERENCES "auth_group" ("id") DEFERRABLE INITIALLY DEFERRED);
CREATE TABLE IF NOT EXISTS "auth_user_user_permissions" ("id" integer NOT NULL PRIMARY KEY AUTOINCREMENT, "user_id" integer NOT NULL REFERENCES "auth_user" ("id") DEFERRABLE INITIALLY DEFERRED, "permission_id" integer NOT NULL REFERENCES "auth_permission" ("id") DEFERRABLE INITIALLY DEFERRED);
CREATE TABLE IF NOT EXISTS "django_admin_log" ("id" integer NOT NULL PRIMARY KEY AUTOINCREMENT, "object_id" text NULL, "object_repr" varchar(200) NOT NULL, "action_flag" smallint unsigned NOT NULL CHECK ("action_flag" >= 0), "change_message" text NOT NULL, "content_type_id" integer NULL REFERENCES "django_content_type" ("id") DEFERRABLE INITIALLY DEFERRED, "user_id" integer NOT NULL REFERENCES "auth_user" ("id") DEFERRABLE INITIALLY DEFERRED, "action_time" datetime NOT NULL);
CREATE TABLE IF NOT EXISTS "django_content_type" ("id" integer NOT NULL PRIMARY KEY AUTOINCREMENT, "app_label" varchar(100) NOT NULL, "model" varchar(100) NOT NULL);
INSERT INTO django_content_type VALUES(1,'admin','logentry');
INSERT INTO django_content_type VALUES(2,'auth','permission');
INSERT INTO django_content_type VALUES(3,'auth','group');
INSERT INTO django_content_type VALUES(4,'auth','user');
INSERT INTO django_content_type VALUES(5,'contenttypes','contenttype');
INSERT INTO django_content_type VALUES(6,'sessions','session');
INSERT INTO django_content_type VALUES(7,'core','challenge');
INSERT INTO django_content_type VALUES(8,'core','question');
INSERT INTO django_content_type VALUES(9,'core','submission');
CREATE TABLE IF NOT EXISTS "auth_permission" ("id" integer NOT NULL PRIMARY KEY AUTOINCREMENT, "content_type_id" integer NOT NULL REFERENCES "django_content_type" ("id") DEFERRABLE INITIALLY DEFERRED, "codename" varchar(100) NOT NULL, "name" varchar(255) NOT NULL);
INSERT INTO auth_permission VALUES(1,1,'add_logentry','Can add log entry');
INSERT INTO auth_permission VALUES(2,1,'change_logentry','Can change log entry');
INSERT INTO auth_permission VALUES(3,1,'delete_logentry','Can delete log entry');
INSERT INTO auth_permission VALUES(4,1,'view_logentry','Can view log entry');
INSERT INTO auth_permission VALUES(5,2,'add_permission','Can add permission');
INSERT INTO auth_permission VALUES(6,2,'change_permission','Can change permission');
INSERT INTO auth_permission VALUES(7,2,'delete_permission','Can delete permission');
INSERT INTO auth_permission VALUES(8,2,'view_permission','Can view permission');
INSERT INTO auth_permission VALUES(9,3,'add_group','Can add group');
INSERT INTO auth_permission VALUES(10,3,'change_group','Can change group');
INSERT INTO auth_permission VALUES(11,3,'delete_group','Can delete group');
INSERT INTO auth_permission VALUES(12,3,'view_group','Can view group');
INSERT INTO auth_permission VALUES(13,4,'add_user','Can add user');
INSERT INTO auth_permission VALUES(14,4,'change_user','Can change user');
INSERT INTO auth_permission VALUES(15,4,'delete_user','Can delete user');
INSERT INTO auth_permission VALUES(16,4,'view_user','Can view user');
INSERT INTO auth_permission VALUES(17,5,'add_contenttype','Can add content type');
INSERT INTO auth_permission VALUES(18,5,'change_contenttype','Can change content type');
INSERT INTO auth_permission VALUES(19,5,'delete_contenttype','Can delete content type');
INSERT INTO auth_permission VALUES(20,5,'view_contenttype','Can view content type');
INSERT INTO auth_permission VALUES(21,6,'add_session','Can add session');
INSERT INTO auth_permission VALUES(22,6,'change_session','Can change session');
INSERT INTO auth_permission VALUES(23,6,'delete_session','Can delete session');
INSERT INTO auth_permission VALUES(24,6,'view_session','Can view session');
INSERT INTO auth_permission VALUES(25,7,'add_challenge','Can add challenge');
INSERT INTO auth_permission VALUES(26,7,'change_challenge','Can change challenge');
INSERT INTO auth_permission VALUES(27,7,'delete_challenge','Can delete challenge');
INSERT INTO auth_permission VALUES(28,7,'view_challenge','Can view challenge');
INSERT INTO auth_permission VALUES(29,8,'add_question','Can add question');
INSERT INTO auth_permission VALUES(30,8,'change_question','Can change question');
INSERT INTO auth_permission VALUES(31,8,'delete_question','Can delete question');
INSERT INTO auth_permission VALUES(32,8,'view_question','Can view question');
INSERT INTO auth_permission VALUES(33,9,'add_submission','Can add submission');
INSERT INTO auth_permission VALUES(34,9,'change_submission','Can change submission');
INSERT INTO auth_permission VALUES(35,9,'delete_submission','Can delete submission');
INSERT INTO auth_permission VALUES(36,9,'view_submission','Can view submission');
CREATE TABLE IF NOT EXISTS "auth_group" ("id" integer NOT NULL PRIMARY KEY AUTOINCREMENT, "name" varchar(150) NOT NULL UNIQUE);
CREATE TABLE IF NOT EXISTS "auth_user" ("id" integer NOT NULL PRIMARY KEY AUTOINCREMENT, "password" varchar(128) NOT NULL, "last_login" datetime NULL, "is_superuser" bool NOT NULL, "username" varchar(150) NOT NULL UNIQUE, "last_name" varchar(150) NOT NULL, "email" varchar(254) NOT NULL, "is_staff" bool NOT NULL, "is_active" bool NOT NULL, "date_joined" datetime NOT NULL, "first_name" varchar(150) NOT NULL);
INSERT INTO auth_user VALUES(1,'pbkdf2_sha256$1000000$VgtlcT8eUc06Ya2Yysa9kZ$MQufV8dLYdO3UTLpc/ZFvBByJaoAxAlPs4m3ZeKrNzY=','2025-06-12 20:04:13.402395',0,'XShadowOfPainX','','',0,1,'2025-06-12 17:09:44.238764','');
INSERT INTO auth_user VALUES(2,'pbkdf2_sha256$1000000$CO3NVJHz4wIfrl7Ho9fdf5$TRw26joLd+80SxiJL3CzVnzIs9pegB394AAHJk0KNSc=','2025-06-12 18:11:20.425968',1,'leksey','','leha.parshin04@gmail.com',1,1,'2025-06-12 18:10:44.648366','');
CREATE TABLE IF NOT EXISTS "django_session" ("session_key" varchar(40) NOT NULL PRIMARY KEY, "session_data" text NOT NULL, "expire_date" datetime NOT NULL);
INSERT INTO django_session VALUES('danff0xb1j6lhtx0vc3um5v14jlt4a7z','.eJxVjDsOwjAQBe_iGln-xR9K-pzBsnfXOIAcKU4qxN1JpBTQvpl5bxbTtta4dVrihOzKJLv8bjnBk9oB8JHafeYwt3WZMj8UftLOxxnpdTvdv4Oaet3rgM54sjkpm60HrQJpzM5bGQZNPknhJJSCWgYCQmE9FihiKGYXjSL2-QLoBzhN:1uPo9l:jd1OsACupfqqY_zBSUF-uzbfVmwvUcFkX2X5v-RlT-E','2025-06-26 20:04:13.404236');
INSERT INTO sqlite_sequence VALUES('core_challenge',1);
INSERT INTO sqlite_sequence VALUES('core_question',2);
INSERT INTO sqlite_sequence VALUES('django_migrations',18);
INSERT INTO sqlite_sequence VALUES('django_admin_log',0);
INSERT INTO sqlite_sequence VALUES('django_content_type',9);
INSERT INTO sqlite_sequence VALUES('auth_permission',36);
INSERT INTO sqlite_sequence VALUES('auth_group',0);
INSERT INTO sqlite_sequence VALUES('auth_user',2);
INSERT INTO sqlite_sequence VALUES('core_submission',6);
CREATE UNIQUE INDEX "auth_group_permissions_group_id_permission_id_0cd325b0_uniq" ON "auth_group_permissions" ("group_id", "permission_id");
CREATE INDEX "auth_group_permissions_group_id_b120cbf9" ON "auth_group_permissions" ("group_id");
CREATE INDEX "auth_group_permissions_permission_id_84c5c92e" ON "auth_group_permissions" ("permission_id");
CREATE UNIQUE INDEX "auth_user_groups_user_id_group_id_94350c0c_uniq" ON "auth_user_groups" ("user_id", "group_id");
CREATE INDEX "auth_user_groups_user_id_6a12ed8b" ON "auth_user_groups" ("user_id");
CREATE INDEX "auth_user_groups_group_id_97559544" ON "auth_user_groups" ("group_id");
CREATE UNIQUE INDEX "auth_user_user_permissions_user_id_permission_id_14a6b632_uniq" ON "auth_user_user_permissions" ("user_id", "permission_id");
CREATE INDEX "auth_user_user_permissions_user_id_a95ead1b" ON "auth_user_user_permissions" ("user_id");
CREATE INDEX "auth_user_user_permissions_permission_id_1fbb5f2c" ON "auth_user_user_permissions" ("permission_id");
CREATE INDEX "django_admin_log_content_type_id_c4bce8eb" ON "django_admin_log" ("content_type_id");
CREATE INDEX "django_admin_log_user_id_c564eba6" ON "django_admin_log" ("user_id");
CREATE UNIQUE INDEX "django_content_type_app_label_model_76bd3d3b_uniq" ON "django_content_type" ("app_label", "model");
CREATE UNIQUE INDEX "auth_permission_content_type_id_codename_01ab375a_uniq" ON "auth_permission" ("content_type_id", "codename");
CREATE INDEX "auth_permission_content_type_id_2f476e4b" ON "auth_permission" ("content_type_id");
CREATE INDEX "django_session_expire_date_a5c62663" ON "django_session" ("expire_date");
COMMIT;
